w	r	param_key	default	required	module_file
XmlToBase64	encode	downloadCode		true	./api/contrib/XmlToBase64/module.php
cala	cala_core	iam		true	./api/modules/cala/module.php
cala	cala_core	r	cala_empty	true	./api/modules/cala/module.php
cala	cala_core	replyType	json	true	./api/modules/cala/module.php
cala	cala_core	sessionKey		true	./api/modules/cala/module.php
cala	cala_core	w	cala	true	./api/modules/cala/module.php
cala	cala_test_install	cronKey		false	./api/modules/cala/module.php
check	checkxml	formato		true	./api/contrib/check/module.php
check	checkxml	tipoDocumento		true	./api/contrib/check/module.php
check	checkxml	tipoDocumento		true	./api/contrib/check/module.php
check	checkxml	xml		true	./api/contrib/check/module.php
clave	clave	cedula		true	./api/contrib/clave/module.php
clave	clave	codigoPais		false	./api/contrib/clave/module.php
clave	clave	codigoSeguridad		true	./api/contrib/clave/module.php
clave	clave	consecutivo		true	./api/contrib/clave/module.php
clave	clave	situacion		true	./api/contrib/clave/module.php
clave	clave	sucursal		false	./api/contrib/clave/module.php
clave	clave	terminal		false	./api/contrib/clave/module.php
clave	clave	tipoCedula		true	./api/contrib/clave/module.php
clave	clave	tipoDocumento		true	./api/contrib/clave/module.php
consultar	consultarCom	clave		true	./api/contrib/consultar/module.php
consultar	consultarCom	client_id		true	./api/contrib/consultar/module.php
consultar	consultarCom	token		true	./api/contrib/consultar/module.php
crlibreall	FE	cedula		true	./api/contrib/crlibreall/module.php
crlibreall	FE	clave		true	./api/contrib/crlibreall/module.php
crlibreall	FE	cod_moneda		true	./api/contrib/crlibreall/module.php
crlibreall	FE	codigoPais		true	./api/contrib/crlibreall/module.php
crlibreall	FE	codigoSeguridad		true	./api/contrib/crlibreall/module.php
crlibreall	FE	codigo_actividad_emisor		true	./api/contrib/crlibreall/module.php
crlibreall	FE	codigo_actividad_receptor		false	./api/contrib/crlibreall/module.php
crlibreall	FE	condicion_venta		true	./api/contrib/crlibreall/module.php
crlibreall	FE	condicion_venta_otros		false	./api/contrib/crlibreall/module.php
crlibreall	FE	consecutivo		true	./api/contrib/crlibreall/module.php
crlibreall	FE	consecutivo		true	./api/contrib/crlibreall/module.php
crlibreall	FE	detalles		true	./api/contrib/crlibreall/module.php
crlibreall	FE	emisor_barrio		false	./api/contrib/crlibreall/module.php
crlibreall	FE	emisor_canton		true	./api/contrib/crlibreall/module.php
crlibreall	FE	emisor_cod_pais_tel		false	./api/contrib/crlibreall/module.php
crlibreall	FE	emisor_distrito		true	./api/contrib/crlibreall/module.php
crlibreall	FE	emisor_email		true	./api/contrib/crlibreall/module.php
crlibreall	FE	emisor_nombre		true	./api/contrib/crlibreall/module.php
crlibreall	FE	emisor_nombre_comercial		false	./api/contrib/crlibreall/module.php
crlibreall	FE	emisor_num_identif		true	./api/contrib/crlibreall/module.php
crlibreall	FE	emisor_otras_senas		true	./api/contrib/crlibreall/module.php
crlibreall	FE	emisor_provincia		true	./api/contrib/crlibreall/module.php
crlibreall	FE	emisor_tel		false	./api/contrib/crlibreall/module.php
crlibreall	FE	emisor_tipo_identif		true	./api/contrib/crlibreall/module.php
crlibreall	FE	fecha_emision		true	./api/contrib/crlibreall/module.php
crlibreall	FE	informacion_referencia		true	./api/contrib/crlibreall/module.php
crlibreall	FE	medios_pago		true	./api/contrib/crlibreall/module.php
crlibreall	FE	otros		false	./api/contrib/crlibreall/module.php
crlibreall	FE	otrosCargos		false	./api/contrib/crlibreall/module.php
crlibreall	FE	plazo_credito	0	false	./api/contrib/crlibreall/module.php
crlibreall	FE	proveedor_sistemas		true	./api/contrib/crlibreall/module.php
crlibreall	FE	receptor_barrio		false	./api/contrib/crlibreall/module.php
crlibreall	FE	receptor_canton		false	./api/contrib/crlibreall/module.php
crlibreall	FE	receptor_cod_pais_tel		false	./api/contrib/crlibreall/module.php
crlibreall	FE	receptor_distrito		false	./api/contrib/crlibreall/module.php
crlibreall	FE	receptor_email		false	./api/contrib/crlibreall/module.php
crlibreall	FE	receptor_identif_extranjero		false	./api/contrib/crlibreall/module.php
crlibreall	FE	receptor_nombre		true	./api/contrib/crlibreall/module.php
crlibreall	FE	receptor_nombre_comercial		false	./api/contrib/crlibreall/module.php
crlibreall	FE	receptor_num_identif		true	./api/contrib/crlibreall/module.php
crlibreall	FE	receptor_otras_senas		false	./api/contrib/crlibreall/module.php
crlibreall	FE	receptor_otras_senas_extranjero		false	./api/contrib/crlibreall/module.php
crlibreall	FE	receptor_provincia		false	./api/contrib/crlibreall/module.php
crlibreall	FE	receptor_tel		false	./api/contrib/crlibreall/module.php
crlibreall	FE	receptor_tipo_identif		true	./api/contrib/crlibreall/module.php
crlibreall	FE	registrofiscal8707		false	./api/contrib/crlibreall/module.php
crlibreall	FE	situacion		true	./api/contrib/crlibreall/module.php
crlibreall	FE	sucursal		false	./api/contrib/crlibreall/module.php
crlibreall	FE	terminal		false	./api/contrib/crlibreall/module.php
crlibreall	FE	tipoCedula		true	./api/contrib/crlibreall/module.php
crlibreall	FE	tipoDocumento		true	./api/contrib/crlibreall/module.php
crlibreall	FE	tipo_cambio		true	./api/contrib/crlibreall/module.php
crlibreall	FE	totalDesgloseImpuesto		false	./api/contrib/crlibreall/module.php
crlibreall	FE	totalIVADevuelto	0	false	./api/contrib/crlibreall/module.php
crlibreall	FE	totalOtrosCargos		false	./api/contrib/crlibreall/module.php
crlibreall	FE	total_comprobante		true	./api/contrib/crlibreall/module.php
crlibreall	FE	total_descuentos		false	./api/contrib/crlibreall/module.php
crlibreall	FE	total_exento		false	./api/contrib/crlibreall/module.php
crlibreall	FE	total_exonerado		false	./api/contrib/crlibreall/module.php
crlibreall	FE	total_gravados		false	./api/contrib/crlibreall/module.php
crlibreall	FE	total_impuestos		false	./api/contrib/crlibreall/module.php
crlibreall	FE	total_impuestos_asumidos_fabrica		false	./api/contrib/crlibreall/module.php
crlibreall	FE	total_merc_exenta		false	./api/contrib/crlibreall/module.php
crlibreall	FE	total_merc_exonerada		false	./api/contrib/crlibreall/module.php
crlibreall	FE	total_merc_gravada		false	./api/contrib/crlibreall/module.php
crlibreall	FE	total_merc_no_sujeta		false	./api/contrib/crlibreall/module.php
crlibreall	FE	total_no_sujeto		false	./api/contrib/crlibreall/module.php
crlibreall	FE	total_serv_exentos		false	./api/contrib/crlibreall/module.php
crlibreall	FE	total_serv_exonerados		false	./api/contrib/crlibreall/module.php
crlibreall	FE	total_serv_gravados		false	./api/contrib/crlibreall/module.php
crlibreall	FE	total_serv_no_sujeto		false	./api/contrib/crlibreall/module.php
crlibreall	FE	total_ventas		true	./api/contrib/crlibreall/module.php
crlibreall	FE	total_ventas_neta		true	./api/contrib/crlibreall/module.php
crlibreall	NC	cedula		true	./api/contrib/crlibreall/module.php
crlibreall	NC	clave		true	./api/contrib/crlibreall/module.php
crlibreall	NC	clave		true	./api/contrib/crlibreall/module.php
crlibreall	NC	client_id		true	./api/contrib/crlibreall/module.php
crlibreall	NC	client_id		true	./api/contrib/crlibreall/module.php
crlibreall	NC	client_secret		false	./api/contrib/crlibreall/module.php
crlibreall	NC	cod_moneda		true	./api/contrib/crlibreall/module.php
crlibreall	NC	codigoPais		true	./api/contrib/crlibreall/module.php
crlibreall	NC	codigoSeguridad		true	./api/contrib/crlibreall/module.php
crlibreall	NC	comprobanteXml		true	./api/contrib/crlibreall/module.php
crlibreall	NC	condicion_venta		true	./api/contrib/crlibreall/module.php
crlibreall	NC	consecutivo		true	./api/contrib/crlibreall/module.php
crlibreall	NC	consecutivo		true	./api/contrib/crlibreall/module.php
crlibreall	NC	detalles		true	./api/contrib/crlibreall/module.php
crlibreall	NC	emi_numeroIdentificacion		false	./api/contrib/crlibreall/module.php
crlibreall	NC	emi_tipoIdentificacion		true	./api/contrib/crlibreall/module.php
crlibreall	NC	emisor_barrio		false	./api/contrib/crlibreall/module.php
crlibreall	NC	emisor_canton		false	./api/contrib/crlibreall/module.php
crlibreall	NC	emisor_cod_pais_fax		false	./api/contrib/crlibreall/module.php
crlibreall	NC	emisor_cod_pais_tel		false	./api/contrib/crlibreall/module.php
crlibreall	NC	emisor_distrito		false	./api/contrib/crlibreall/module.php
crlibreall	NC	emisor_email		true	./api/contrib/crlibreall/module.php
crlibreall	NC	emisor_fax		false	./api/contrib/crlibreall/module.php
crlibreall	NC	emisor_nombre		true	./api/contrib/crlibreall/module.php
crlibreall	NC	emisor_num_identif		true	./api/contrib/crlibreall/module.php
crlibreall	NC	emisor_otras_senas		false	./api/contrib/crlibreall/module.php
crlibreall	NC	emisor_provincia		false	./api/contrib/crlibreall/module.php
crlibreall	NC	emisor_tel		false	./api/contrib/crlibreall/module.php
crlibreall	NC	emisor_tipo_indetif		true	./api/contrib/crlibreall/module.php
crlibreall	NC	fecha		true	./api/contrib/crlibreall/module.php
crlibreall	NC	fecha_emision		true	./api/contrib/crlibreall/module.php
crlibreall	NC	grant_type		true	./api/contrib/crlibreall/module.php
crlibreall	NC	inXml		false	./api/contrib/crlibreall/module.php
crlibreall	NC	infoRefeCodigo		true	./api/contrib/crlibreall/module.php
crlibreall	NC	infoRefeFechaEmision		true	./api/contrib/crlibreall/module.php
crlibreall	NC	infoRefeNumero		true	./api/contrib/crlibreall/module.php
crlibreall	NC	infoRefeRazon		true	./api/contrib/crlibreall/module.php
crlibreall	NC	infoRefeTipoDoc		true	./api/contrib/crlibreall/module.php
crlibreall	NC	medio_pago		true	./api/contrib/crlibreall/module.php
crlibreall	NC	nombre_comercial		true	./api/contrib/crlibreall/module.php
crlibreall	NC	otros		true	./api/contrib/crlibreall/module.php
crlibreall	NC	p12Url		true	./api/contrib/crlibreall/module.php
crlibreall	NC	password		true	./api/contrib/crlibreall/module.php
crlibreall	NC	pinP12		true	./api/contrib/crlibreall/module.php
crlibreall	NC	plazo_credito	0	false	./api/contrib/crlibreall/module.php
crlibreall	NC	receptor_barrio		false	./api/contrib/crlibreall/module.php
crlibreall	NC	receptor_canton		false	./api/contrib/crlibreall/module.php
crlibreall	NC	receptor_cod_pais_fax		false	./api/contrib/crlibreall/module.php
crlibreall	NC	receptor_cod_pais_tel		false	./api/contrib/crlibreall/module.php
crlibreall	NC	receptor_distrito		false	./api/contrib/crlibreall/module.php
crlibreall	NC	receptor_email		true	./api/contrib/crlibreall/module.php
crlibreall	NC	receptor_fax		false	./api/contrib/crlibreall/module.php
crlibreall	NC	receptor_nombre		true	./api/contrib/crlibreall/module.php
crlibreall	NC	receptor_num_identif		true	./api/contrib/crlibreall/module.php
crlibreall	NC	receptor_provincia		false	./api/contrib/crlibreall/module.php
crlibreall	NC	receptor_tel		false	./api/contrib/crlibreall/module.php
crlibreall	NC	receptor_tipo_identif		true	./api/contrib/crlibreall/module.php
crlibreall	NC	recp_numeroIdentificacion		true	./api/contrib/crlibreall/module.php
crlibreall	NC	recp_tipoIdentificacion		true	./api/contrib/crlibreall/module.php
crlibreall	NC	situacion		true	./api/contrib/crlibreall/module.php
crlibreall	NC	sucursal		false	./api/contrib/crlibreall/module.php
crlibreall	NC	terminal		false	./api/contrib/crlibreall/module.php
crlibreall	NC	tipoCedula		true	./api/contrib/crlibreall/module.php
crlibreall	NC	tipoDocumento		true	./api/contrib/crlibreall/module.php
crlibreall	NC	tipo_cambio		true	./api/contrib/crlibreall/module.php
crlibreall	NC	tipodoc		true	./api/contrib/crlibreall/module.php
crlibreall	NC	token		true	./api/contrib/crlibreall/module.php
crlibreall	NC	total_comprobante		true	./api/contrib/crlibreall/module.php
crlibreall	NC	total_descuentos		true	./api/contrib/crlibreall/module.php
crlibreall	NC	total_exentos		true	./api/contrib/crlibreall/module.php
crlibreall	NC	total_gravados		true	./api/contrib/crlibreall/module.php
crlibreall	NC	total_impuestos		true	./api/contrib/crlibreall/module.php
crlibreall	NC	total_merc_exenta		true	./api/contrib/crlibreall/module.php
crlibreall	NC	total_merc_gravada		true	./api/contrib/crlibreall/module.php
crlibreall	NC	total_serv_exentos		true	./api/contrib/crlibreall/module.php
crlibreall	NC	total_serv_gravados		true	./api/contrib/crlibreall/module.php
crlibreall	NC	total_ventas		true	./api/contrib/crlibreall/module.php
crlibreall	NC	total_ventas_neta		true	./api/contrib/crlibreall/module.php
crlibreall	NC	username		true	./api/contrib/crlibreall/module.php
crlibreall	ND	cedula		true	./api/contrib/crlibreall/module.php
crlibreall	ND	clave		true	./api/contrib/crlibreall/module.php
crlibreall	ND	clave		true	./api/contrib/crlibreall/module.php
crlibreall	ND	client_id		true	./api/contrib/crlibreall/module.php
crlibreall	ND	client_id		true	./api/contrib/crlibreall/module.php
crlibreall	ND	client_secret		false	./api/contrib/crlibreall/module.php
crlibreall	ND	cod_moneda		true	./api/contrib/crlibreall/module.php
crlibreall	ND	codigoPais		true	./api/contrib/crlibreall/module.php
crlibreall	ND	codigoSeguridad		true	./api/contrib/crlibreall/module.php
crlibreall	ND	comprobanteXml		true	./api/contrib/crlibreall/module.php
crlibreall	ND	condicion_venta		true	./api/contrib/crlibreall/module.php
crlibreall	ND	consecutivo		true	./api/contrib/crlibreall/module.php
crlibreall	ND	consecutivo		true	./api/contrib/crlibreall/module.php
crlibreall	ND	detalles		true	./api/contrib/crlibreall/module.php
crlibreall	ND	emi_numeroIdentificacion		false	./api/contrib/crlibreall/module.php
crlibreall	ND	emi_tipoIdentificacion		true	./api/contrib/crlibreall/module.php
crlibreall	ND	emisor_barrio		false	./api/contrib/crlibreall/module.php
crlibreall	ND	emisor_canton		false	./api/contrib/crlibreall/module.php
crlibreall	ND	emisor_cod_pais_fax		false	./api/contrib/crlibreall/module.php
crlibreall	ND	emisor_cod_pais_tel		false	./api/contrib/crlibreall/module.php
crlibreall	ND	emisor_distrito		false	./api/contrib/crlibreall/module.php
crlibreall	ND	emisor_email		true	./api/contrib/crlibreall/module.php
crlibreall	ND	emisor_fax		false	./api/contrib/crlibreall/module.php
crlibreall	ND	emisor_nombre		true	./api/contrib/crlibreall/module.php
crlibreall	ND	emisor_num_identif		true	./api/contrib/crlibreall/module.php
crlibreall	ND	emisor_otras_senas		false	./api/contrib/crlibreall/module.php
crlibreall	ND	emisor_provincia		false	./api/contrib/crlibreall/module.php
crlibreall	ND	emisor_tel		false	./api/contrib/crlibreall/module.php
crlibreall	ND	emisor_tipo_indetif		true	./api/contrib/crlibreall/module.php
crlibreall	ND	fecha		true	./api/contrib/crlibreall/module.php
crlibreall	ND	fecha_emision		true	./api/contrib/crlibreall/module.php
crlibreall	ND	grant_type		true	./api/contrib/crlibreall/module.php
crlibreall	ND	inXml		false	./api/contrib/crlibreall/module.php
crlibreall	ND	infoRefeCodigo		true	./api/contrib/crlibreall/module.php
crlibreall	ND	infoRefeFechaEmision		true	./api/contrib/crlibreall/module.php
crlibreall	ND	infoRefeNumero		true	./api/contrib/crlibreall/module.php
crlibreall	ND	infoRefeRazon		true	./api/contrib/crlibreall/module.php
crlibreall	ND	infoRefeTipoDoc		true	./api/contrib/crlibreall/module.php
crlibreall	ND	medio_pago		true	./api/contrib/crlibreall/module.php
crlibreall	ND	nombre_comercial		true	./api/contrib/crlibreall/module.php
crlibreall	ND	otros		true	./api/contrib/crlibreall/module.php
crlibreall	ND	p12Url		true	./api/contrib/crlibreall/module.php
crlibreall	ND	password		true	./api/contrib/crlibreall/module.php
crlibreall	ND	pinP12		true	./api/contrib/crlibreall/module.php
crlibreall	ND	plazo_credito	0	false	./api/contrib/crlibreall/module.php
crlibreall	ND	receptor_barrio		false	./api/contrib/crlibreall/module.php
crlibreall	ND	receptor_canton		false	./api/contrib/crlibreall/module.php
crlibreall	ND	receptor_cod_pais_fax		false	./api/contrib/crlibreall/module.php
crlibreall	ND	receptor_cod_pais_tel		false	./api/contrib/crlibreall/module.php
crlibreall	ND	receptor_distrito		false	./api/contrib/crlibreall/module.php
crlibreall	ND	receptor_email		true	./api/contrib/crlibreall/module.php
crlibreall	ND	receptor_fax		false	./api/contrib/crlibreall/module.php
crlibreall	ND	receptor_nombre		true	./api/contrib/crlibreall/module.php
crlibreall	ND	receptor_num_identif		true	./api/contrib/crlibreall/module.php
crlibreall	ND	receptor_provincia		false	./api/contrib/crlibreall/module.php
crlibreall	ND	receptor_tel		false	./api/contrib/crlibreall/module.php
crlibreall	ND	receptor_tipo_identif		true	./api/contrib/crlibreall/module.php
crlibreall	ND	recp_numeroIdentificacion		true	./api/contrib/crlibreall/module.php
crlibreall	ND	recp_tipoIdentificacion		true	./api/contrib/crlibreall/module.php
crlibreall	ND	situacion		true	./api/contrib/crlibreall/module.php
crlibreall	ND	sucursal		false	./api/contrib/crlibreall/module.php
crlibreall	ND	terminal		false	./api/contrib/crlibreall/module.php
crlibreall	ND	tipoCedula		true	./api/contrib/crlibreall/module.php
crlibreall	ND	tipoDocumento		true	./api/contrib/crlibreall/module.php
crlibreall	ND	tipo_cambio		true	./api/contrib/crlibreall/module.php
crlibreall	ND	tipodoc		true	./api/contrib/crlibreall/module.php
crlibreall	ND	token		true	./api/contrib/crlibreall/module.php
crlibreall	ND	total_comprobante		true	./api/contrib/crlibreall/module.php
crlibreall	ND	total_descuentos		true	./api/contrib/crlibreall/module.php
crlibreall	ND	total_exentos		true	./api/contrib/crlibreall/module.php
crlibreall	ND	total_gravados		true	./api/contrib/crlibreall/module.php
crlibreall	ND	total_impuestos		true	./api/contrib/crlibreall/module.php
crlibreall	ND	total_merc_exenta		true	./api/contrib/crlibreall/module.php
crlibreall	ND	total_merc_gravada		true	./api/contrib/crlibreall/module.php
crlibreall	ND	total_serv_exentos		true	./api/contrib/crlibreall/module.php
crlibreall	ND	total_serv_gravados		true	./api/contrib/crlibreall/module.php
crlibreall	ND	total_ventas		true	./api/contrib/crlibreall/module.php
crlibreall	ND	total_ventas_neta		true	./api/contrib/crlibreall/module.php
crlibreall	ND	username		true	./api/contrib/crlibreall/module.php
crlibreall	gen_xml_nc	clave		true	./api/contrib/crlibreall/module.php
crlibreall	gen_xml_nc	clave		true	./api/contrib/crlibreall/module.php
crlibreall	gen_xml_nc	client_id		true	./api/contrib/crlibreall/module.php
crlibreall	gen_xml_nc	client_id		true	./api/contrib/crlibreall/module.php
crlibreall	gen_xml_nc	client_secret		false	./api/contrib/crlibreall/module.php
crlibreall	gen_xml_nc	cod_moneda		true	./api/contrib/crlibreall/module.php
crlibreall	gen_xml_nc	comprobanteXml		true	./api/contrib/crlibreall/module.php
crlibreall	gen_xml_nc	condicion_venta		true	./api/contrib/crlibreall/module.php
crlibreall	gen_xml_nc	consecutivo		true	./api/contrib/crlibreall/module.php
crlibreall	gen_xml_nc	detalles		true	./api/contrib/crlibreall/module.php
crlibreall	gen_xml_nc	emi_numeroIdentificacion		false	./api/contrib/crlibreall/module.php
crlibreall	gen_xml_nc	emi_tipoIdentificacion		true	./api/contrib/crlibreall/module.php
crlibreall	gen_xml_nc	emisor_barrio		false	./api/contrib/crlibreall/module.php
crlibreall	gen_xml_nc	emisor_canton		false	./api/contrib/crlibreall/module.php
crlibreall	gen_xml_nc	emisor_cod_pais_fax		false	./api/contrib/crlibreall/module.php
crlibreall	gen_xml_nc	emisor_cod_pais_tel		false	./api/contrib/crlibreall/module.php
crlibreall	gen_xml_nc	emisor_distrito		false	./api/contrib/crlibreall/module.php
crlibreall	gen_xml_nc	emisor_email		true	./api/contrib/crlibreall/module.php
crlibreall	gen_xml_nc	emisor_fax		false	./api/contrib/crlibreall/module.php
crlibreall	gen_xml_nc	emisor_nombre		true	./api/contrib/crlibreall/module.php
crlibreall	gen_xml_nc	emisor_num_identif		true	./api/contrib/crlibreall/module.php
crlibreall	gen_xml_nc	emisor_otras_senas		false	./api/contrib/crlibreall/module.php
crlibreall	gen_xml_nc	emisor_provincia		false	./api/contrib/crlibreall/module.php
crlibreall	gen_xml_nc	emisor_tel		false	./api/contrib/crlibreall/module.php
crlibreall	gen_xml_nc	emisor_tipo_indetif		true	./api/contrib/crlibreall/module.php
crlibreall	gen_xml_nc	fecha		true	./api/contrib/crlibreall/module.php
crlibreall	gen_xml_nc	fecha_emision		true	./api/contrib/crlibreall/module.php
crlibreall	gen_xml_nc	grant_type		true	./api/contrib/crlibreall/module.php
crlibreall	gen_xml_nc	inXml		false	./api/contrib/crlibreall/module.php
crlibreall	gen_xml_nc	infoRefeCodigo		true	./api/contrib/crlibreall/module.php
crlibreall	gen_xml_nc	infoRefeFechaEmision		true	./api/contrib/crlibreall/module.php
crlibreall	gen_xml_nc	infoRefeNumero		true	./api/contrib/crlibreall/module.php
crlibreall	gen_xml_nc	infoRefeRazon		true	./api/contrib/crlibreall/module.php
crlibreall	gen_xml_nc	infoRefeTipoDoc		true	./api/contrib/crlibreall/module.php
crlibreall	gen_xml_nc	medio_pago		true	./api/contrib/crlibreall/module.php
crlibreall	gen_xml_nc	nombre_comercial		true	./api/contrib/crlibreall/module.php
crlibreall	gen_xml_nc	omitir_receptor	false	false	./api/contrib/crlibreall/module.php
crlibreall	gen_xml_nc	otros		true	./api/contrib/crlibreall/module.php
crlibreall	gen_xml_nc	p12Url		true	./api/contrib/crlibreall/module.php
crlibreall	gen_xml_nc	password		true	./api/contrib/crlibreall/module.php
crlibreall	gen_xml_nc	pinP12		true	./api/contrib/crlibreall/module.php
crlibreall	gen_xml_nc	plazo_credito	0	false	./api/contrib/crlibreall/module.php
crlibreall	gen_xml_nc	receptor_barrio		false	./api/contrib/crlibreall/module.php
crlibreall	gen_xml_nc	receptor_canton		false	./api/contrib/crlibreall/module.php
crlibreall	gen_xml_nc	receptor_cod_pais_fax		false	./api/contrib/crlibreall/module.php
crlibreall	gen_xml_nc	receptor_cod_pais_tel		false	./api/contrib/crlibreall/module.php
crlibreall	gen_xml_nc	receptor_distrito		false	./api/contrib/crlibreall/module.php
crlibreall	gen_xml_nc	receptor_email		false	./api/contrib/crlibreall/module.php
crlibreall	gen_xml_nc	receptor_fax		false	./api/contrib/crlibreall/module.php
crlibreall	gen_xml_nc	receptor_nombre		false	./api/contrib/crlibreall/module.php
crlibreall	gen_xml_nc	receptor_num_identif		false	./api/contrib/crlibreall/module.php
crlibreall	gen_xml_nc	receptor_provincia		false	./api/contrib/crlibreall/module.php
crlibreall	gen_xml_nc	receptor_tel		false	./api/contrib/crlibreall/module.php
crlibreall	gen_xml_nc	receptor_tipo_identif		false	./api/contrib/crlibreall/module.php
crlibreall	gen_xml_nc	recp_numeroIdentificacion		true	./api/contrib/crlibreall/module.php
crlibreall	gen_xml_nc	recp_tipoIdentificacion		true	./api/contrib/crlibreall/module.php
crlibreall	gen_xml_nc	tipo_cambio		true	./api/contrib/crlibreall/module.php
crlibreall	gen_xml_nc	tipodoc		true	./api/contrib/crlibreall/module.php
crlibreall	gen_xml_nc	token		true	./api/contrib/crlibreall/module.php
crlibreall	gen_xml_nc	total_comprobante		true	./api/contrib/crlibreall/module.php
crlibreall	gen_xml_nc	total_descuentos		true	./api/contrib/crlibreall/module.php
crlibreall	gen_xml_nc	total_exentos		true	./api/contrib/crlibreall/module.php
crlibreall	gen_xml_nc	total_gravados		true	./api/contrib/crlibreall/module.php
crlibreall	gen_xml_nc	total_impuestos		true	./api/contrib/crlibreall/module.php
crlibreall	gen_xml_nc	total_merc_exenta		true	./api/contrib/crlibreall/module.php
crlibreall	gen_xml_nc	total_merc_gravada		true	./api/contrib/crlibreall/module.php
crlibreall	gen_xml_nc	total_serv_exentos		true	./api/contrib/crlibreall/module.php
crlibreall	gen_xml_nc	total_serv_gravados		true	./api/contrib/crlibreall/module.php
crlibreall	gen_xml_nc	total_ventas		true	./api/contrib/crlibreall/module.php
crlibreall	gen_xml_nc	total_ventas_neta		true	./api/contrib/crlibreall/module.php
crlibreall	gen_xml_nc	username		true	./api/contrib/crlibreall/module.php
crypto	desencrypt	textDesEncrypt	0	false	./api/modules/crypto/module.php
crypto	encrypt	textEncrypt		true	./api/modules/crypto/module.php
ejemplo	un_usuario	apellido		true	./api/contrib/ejemplo/module.php
ejemplo	un_usuario	nombre		true	./api/contrib/ejemplo/module.php
facturador	addInventaryProduct	cantidadImpuesto		false	./api/contrib/facturador/module.php
facturador	addInventaryProduct	codigoBarras		false	./api/contrib/facturador/module.php
facturador	addInventaryProduct	descripcion		false	./api/contrib/facturador/module.php
facturador	addInventaryProduct	disponible		false	./api/contrib/facturador/module.php
facturador	addInventaryProduct	idImpuesto		false	./api/contrib/facturador/module.php
facturador	addInventaryProduct	idMasterUser		false	./api/contrib/facturador/module.php
facturador	addInventaryProduct	nombre		false	./api/contrib/facturador/module.php
facturador	addInventaryProduct	precioVenta		false	./api/contrib/facturador/module.php
facturador	addInventaryProduct	sucursal		false	./api/contrib/facturador/module.php
facturador	addInventaryProduct	unidadMedida		false	./api/contrib/facturador/module.php
facturador	addSucursales	nombreSucursal		true	./api/contrib/facturador/module.php
facturador	addSucursales	numeroSucursal		true	./api/contrib/facturador/module.php
facturador	add_companny_reciver	copiasCorreo		false	./api/contrib/facturador/module.php
facturador	add_companny_reciver	correoPrincipal		false	./api/contrib/facturador/module.php
facturador	add_companny_reciver	idBarrio		true	./api/contrib/facturador/module.php
facturador	add_companny_reciver	idCanton		true	./api/contrib/facturador/module.php
facturador	add_companny_reciver	idDistrito		true	./api/contrib/facturador/module.php
facturador	add_companny_reciver	idMasterUser		true	./api/contrib/facturador/module.php
facturador	add_companny_reciver	idProvincia		true	./api/contrib/facturador/module.php
facturador	add_companny_reciver	nombreCliente		true	./api/contrib/facturador/module.php
facturador	add_companny_reciver	nombreComercial		true	./api/contrib/facturador/module.php
facturador	add_companny_reciver	numeroCedula		true	./api/contrib/facturador/module.php
facturador	add_companny_reciver	numeroFax		false	./api/contrib/facturador/module.php
facturador	add_companny_reciver	otrasSenas		true	./api/contrib/facturador/module.php
facturador	add_companny_reciver	telefono		false	./api/contrib/facturador/module.php
facturador	add_companny_reciver	tipoCedula		true	./api/contrib/facturador/module.php
facturador	add_terminal	idSucursal		true	./api/contrib/facturador/module.php
facturador	add_terminal	nombreTerminal		true	./api/contrib/facturador/module.php
facturador	add_terminal	numeroTerminal		true	./api/contrib/facturador/module.php
facturador	compannyUpdateInformation	cedula		false	./api/contrib/facturador/module.php
facturador	compannyUpdateInformation	codigoPais		true	./api/contrib/facturador/module.php
facturador	compannyUpdateInformation	email		true	./api/contrib/facturador/module.php
facturador	compannyUpdateInformation	fax		false	./api/contrib/facturador/module.php
facturador	compannyUpdateInformation	idMasterUser		true	./api/contrib/facturador/module.php
facturador	compannyUpdateInformation	nombre		true	./api/contrib/facturador/module.php
facturador	compannyUpdateInformation	nombreComercial		true	./api/contrib/facturador/module.php
facturador	compannyUpdateInformation	telefono		true	./api/contrib/facturador/module.php
facturador	compannyUpdateInformation	tipoCedula		false	./api/contrib/facturador/module.php
facturador	compannyUpdateLocation	idBarrio		true	./api/contrib/facturador/module.php
facturador	compannyUpdateLocation	idCanton		true	./api/contrib/facturador/module.php
facturador	compannyUpdateLocation	idDistrito		true	./api/contrib/facturador/module.php
facturador	compannyUpdateLocation	idMasterUser		true	./api/contrib/facturador/module.php
facturador	compannyUpdateLocation	idProvincia		true	./api/contrib/facturador/module.php
facturador	compannyUpdateLocation	sennas		true	./api/contrib/facturador/module.php
facturador	compannyUpdateTipoCambio	idMasterUser		true	./api/contrib/facturador/module.php
facturador	compannyUpdateTipoCambio	tipoCambio		true	./api/contrib/facturador/module.php
facturador	companny_add_master_Consecutive	idMasterUser		true	./api/contrib/facturador/module.php
facturador	companny_add_master_Consecutive	idUser		true	./api/contrib/facturador/module.php
facturador	companny_add_voucher	clave		true	./api/contrib/facturador/module.php
facturador	companny_add_voucher	consecutivo		true	./api/contrib/facturador/module.php
facturador	companny_add_voucher	env		true	./api/contrib/facturador/module.php
facturador	companny_add_voucher	estado		true	./api/contrib/facturador/module.php
facturador	companny_add_voucher	idMasterUser		true	./api/contrib/facturador/module.php
facturador	companny_add_voucher	idReceptor		false	./api/contrib/facturador/module.php
facturador	companny_add_voucher	respuestaMHBase64		false	./api/contrib/facturador/module.php
facturador	companny_add_voucher	tipoDocumento		true	./api/contrib/facturador/module.php
facturador	companny_add_voucher	xmlEnviadoBase64		true	./api/contrib/facturador/module.php
facturador	companny_getMyConsecutive	env		true	./api/contrib/facturador/module.php
facturador	companny_getMyConsecutive	idMasterUser		true	./api/contrib/facturador/module.php
facturador	companny_getMyConsecutive	tipoComprobante		true	./api/contrib/facturador/module.php
facturador	companny_getMyInfo	idMasterUser		true	./api/contrib/facturador/module.php
facturador	companny_updateConsecutive	env		true	./api/contrib/facturador/module.php
facturador	companny_updateConsecutive	idMasterUser		true	./api/contrib/facturador/module.php
facturador	companny_updateConsecutive	tipoDocumento		true	./api/contrib/facturador/module.php
facturador	companny_users_getMyDetails	idMasterUser		true	./api/contrib/facturador/module.php
facturador	companny_users_get_my_details	idMasterUser		false	./api/contrib/facturador/module.php
facturador	companny_users_logMeIn	idMasterUser		true	./api/contrib/facturador/module.php
facturador	companny_users_logMeIn	pwd		true	./api/contrib/facturador/module.php
facturador	companny_users_logMeIn	userName		true	./api/contrib/facturador/module.php
facturador	companny_users_recover_pwd	idMasterUser		true	./api/contrib/facturador/module.php
facturador	companny_users_recover_pwd	userName		true	./api/contrib/facturador/module.php
facturador	companny_users_register	about		false	./api/contrib/facturador/module.php
facturador	companny_users_register	country		true	./api/contrib/facturador/module.php
facturador	companny_users_register	email		true	./api/contrib/facturador/module.php
facturador	companny_users_register	fullName		true	./api/contrib/facturador/module.php
facturador	companny_users_register	idMasterUser		true	./api/contrib/facturador/module.php
facturador	companny_users_register	pwd		true	./api/contrib/facturador/module.php
facturador	companny_users_register	userName		true	./api/contrib/facturador/module.php
facturador	company_change_env	envProduccion		true	./api/contrib/facturador/module.php
facturador	company_get_env	idMasterUser		true	./api/contrib/facturador/module.php
facturador	company_get_env	idMasteruser		true	./api/contrib/facturador/module.php
facturador	company_prod_users	downloadCode		true	./api/contrib/facturador/module.php
facturador	company_prod_users	password		true	./api/contrib/facturador/module.php
facturador	company_prod_users	pinCerti		true	./api/contrib/facturador/module.php
facturador	company_prod_users	userName		true	./api/contrib/facturador/module.php
facturador	company_stag_users	downloadCode		true	./api/contrib/facturador/module.php
facturador	company_stag_users	password		true	./api/contrib/facturador/module.php
facturador	company_stag_users	pinCerti		true	./api/contrib/facturador/module.php
facturador	company_stag_users	userName		true	./api/contrib/facturador/module.php
facturador	delete_reciver	idReceptor		true	./api/contrib/facturador/module.php
facturador	getCompannyLocationInformation	idBarrio		true	./api/contrib/facturador/module.php
facturador	getCompannyLocationInformation	idCanton		true	./api/contrib/facturador/module.php
facturador	getCompannyLocationInformation	idDistrito		true	./api/contrib/facturador/module.php
facturador	getCompannyLocationInformation	idProvincia		true	./api/contrib/facturador/module.php
facturador	getProductByCode	codigo		true	./api/contrib/facturador/module.php
facturador	getProductByCode	idMasterUser		true	./api/contrib/facturador/module.php
facturador	getProductByCode	sucursal		true	./api/contrib/facturador/module.php
facturador	getTerminales	idSucursal		false	./api/contrib/facturador/module.php
facturador	getUnid	idMasterUser		false	./api/contrib/facturador/module.php
facturador	get_cantons	idProvince		true	./api/contrib/facturador/module.php
facturador	get_companny_information	idMasterUser		true	./api/contrib/facturador/module.php
facturador	get_companny_information_admin	idMasterUser		true	./api/contrib/facturador/module.php
facturador	get_district	idCanton		true	./api/contrib/facturador/module.php
facturador	get_district	idProvince		true	./api/contrib/facturador/module.php
facturador	get_inventory	idMasterUser		true	./api/contrib/facturador/module.php
facturador	get_inventory	sucursal		true	./api/contrib/facturador/module.php
facturador	get_neighborhood	idCanton		true	./api/contrib/facturador/module.php
facturador	get_neighborhood	idDistrito		true	./api/contrib/facturador/module.php
facturador	get_neighborhood	idProvince		true	./api/contrib/facturador/module.php
facturador	get_prod_companny_credentials	idMasterUser		true	./api/contrib/facturador/module.php
facturador	get_prod_credentials	idMasterUser		true	./api/contrib/facturador/module.php
facturador	get_receiver_by_id	idMasterUser		true	./api/contrib/facturador/module.php
facturador	get_receiver_by_id	idReceptor		true	./api/contrib/facturador/module.php
facturador	get_stag_companny_credentials	idMasterUser		true	./api/contrib/facturador/module.php
facturador	get_tipo_impuesto	idMasterUser		false	./api/contrib/facturador/module.php
facturador	get_vouchers	env		true	./api/contrib/facturador/module.php
facturador	get_vouchers	idMasterUser		true	./api/contrib/facturador/module.php
facturador	inser_to_log_table	json		true	./api/contrib/facturador/module.php
facturador	users_log_me_out	idMasterUser		true	./api/contrib/facturador/module.php
files	filesGetUrl	downloadCode		true	./api/modules/files/module.php
firmarXML	firmar	inXml		false	./api/contrib/firmarXML/module.php
firmarXML	firmar	p12Url		true	./api/contrib/firmarXML/module.php
firmarXML	firmar	pinP12		true	./api/contrib/firmarXML/module.php
genXML	gen_xml_fe	clave		true	./api/contrib/genXML/module.php
genXML	gen_xml_fe	cod_moneda		true	./api/contrib/genXML/module.php
genXML	gen_xml_fe	codigo_actividad_emisor		true	./api/contrib/genXML/module.php
genXML	gen_xml_fe	codigo_actividad_receptor		false	./api/contrib/genXML/module.php
genXML	gen_xml_fe	condicion_venta		true	./api/contrib/genXML/module.php
genXML	gen_xml_fe	condicion_venta_otros		false	./api/contrib/genXML/module.php
genXML	gen_xml_fe	consecutivo		true	./api/contrib/genXML/module.php
genXML	gen_xml_fe	detalles		true	./api/contrib/genXML/module.php
genXML	gen_xml_fe	emisor_barrio		false	./api/contrib/genXML/module.php
genXML	gen_xml_fe	emisor_canton		true	./api/contrib/genXML/module.php
genXML	gen_xml_fe	emisor_cod_pais_tel		false	./api/contrib/genXML/module.php
genXML	gen_xml_fe	emisor_distrito		true	./api/contrib/genXML/module.php
genXML	gen_xml_fe	emisor_email		true	./api/contrib/genXML/module.php
genXML	gen_xml_fe	emisor_nombre		true	./api/contrib/genXML/module.php
genXML	gen_xml_fe	emisor_nombre_comercial		false	./api/contrib/genXML/module.php
genXML	gen_xml_fe	emisor_num_identif		true	./api/contrib/genXML/module.php
genXML	gen_xml_fe	emisor_otras_senas		true	./api/contrib/genXML/module.php
genXML	gen_xml_fe	emisor_provincia		true	./api/contrib/genXML/module.php
genXML	gen_xml_fe	emisor_tel		false	./api/contrib/genXML/module.php
genXML	gen_xml_fe	emisor_tipo_identif		true	./api/contrib/genXML/module.php
genXML	gen_xml_fe	fecha_emision		true	./api/contrib/genXML/module.php
genXML	gen_xml_fe	informacion_referencia		false	./api/contrib/genXML/module.php
genXML	gen_xml_fe	medios_pago		true	./api/contrib/genXML/module.php
genXML	gen_xml_fe	otros		false	./api/contrib/genXML/module.php
genXML	gen_xml_fe	otrosCargos		false	./api/contrib/genXML/module.php
genXML	gen_xml_fe	plazo_credito	0	false	./api/contrib/genXML/module.php
genXML	gen_xml_fe	proveedor_sistemas		true	./api/contrib/genXML/module.php
genXML	gen_xml_fe	receptor_barrio		false	./api/contrib/genXML/module.php
genXML	gen_xml_fe	receptor_canton		false	./api/contrib/genXML/module.php
genXML	gen_xml_fe	receptor_cod_pais_tel		false	./api/contrib/genXML/module.php
genXML	gen_xml_fe	receptor_distrito		false	./api/contrib/genXML/module.php
genXML	gen_xml_fe	receptor_email		false	./api/contrib/genXML/module.php
genXML	gen_xml_fe	receptor_nombre		true	./api/contrib/genXML/module.php
genXML	gen_xml_fe	receptor_nombre_comercial		false	./api/contrib/genXML/module.php
genXML	gen_xml_fe	receptor_num_identif		true	./api/contrib/genXML/module.php
genXML	gen_xml_fe	receptor_otras_senas		false	./api/contrib/genXML/module.php
genXML	gen_xml_fe	receptor_otras_senas_extranjero		false	./api/contrib/genXML/module.php
genXML	gen_xml_fe	receptor_provincia		false	./api/contrib/genXML/module.php
genXML	gen_xml_fe	receptor_tel		false	./api/contrib/genXML/module.php
genXML	gen_xml_fe	receptor_tipo_identif		true	./api/contrib/genXML/module.php
genXML	gen_xml_fe	registrofiscal8707		false	./api/contrib/genXML/module.php
genXML	gen_xml_fe	tipo_cambio		true	./api/contrib/genXML/module.php
genXML	gen_xml_fe	totalDesgloseImpuesto		false	./api/contrib/genXML/module.php
genXML	gen_xml_fe	totalIVADevuelto	0	false	./api/contrib/genXML/module.php
genXML	gen_xml_fe	totalOtrosCargos		false	./api/contrib/genXML/module.php
genXML	gen_xml_fe	total_comprobante		true	./api/contrib/genXML/module.php
genXML	gen_xml_fe	total_descuentos		false	./api/contrib/genXML/module.php
genXML	gen_xml_fe	total_exento		false	./api/contrib/genXML/module.php
genXML	gen_xml_fe	total_exonerado		false	./api/contrib/genXML/module.php
genXML	gen_xml_fe	total_gravados		false	./api/contrib/genXML/module.php
genXML	gen_xml_fe	total_impuestos		false	./api/contrib/genXML/module.php
genXML	gen_xml_fe	total_impuestos		false	./api/contrib/genXML/module.php
genXML	gen_xml_fe	total_impuestos_asumidos_fabrica		false	./api/contrib/genXML/module.php
genXML	gen_xml_fe	total_merc_exenta		false	./api/contrib/genXML/module.php
genXML	gen_xml_fe	total_merc_exonerada		false	./api/contrib/genXML/module.php
genXML	gen_xml_fe	total_merc_gravada		false	./api/contrib/genXML/module.php
genXML	gen_xml_fe	total_merc_no_sujeta		false	./api/contrib/genXML/module.php
genXML	gen_xml_fe	total_no_sujeto		false	./api/contrib/genXML/module.php
genXML	gen_xml_fe	total_serv_exentos		false	./api/contrib/genXML/module.php
genXML	gen_xml_fe	total_serv_exonerados		false	./api/contrib/genXML/module.php
genXML	gen_xml_fe	total_serv_gravados		false	./api/contrib/genXML/module.php
genXML	gen_xml_fe	total_serv_no_sujeto		false	./api/contrib/genXML/module.php
genXML	gen_xml_fe	total_ventas		true	./api/contrib/genXML/module.php
genXML	gen_xml_fe	total_ventas_neta		true	./api/contrib/genXML/module.php
genXML	gen_xml_fec	clave		true	./api/contrib/genXML/module.php
genXML	gen_xml_fec	cod_moneda		true	./api/contrib/genXML/module.php
genXML	gen_xml_fec	codigo_actividad_emisor		false	./api/contrib/genXML/module.php
genXML	gen_xml_fec	codigo_actividad_receptor		true	./api/contrib/genXML/module.php
genXML	gen_xml_fec	condicion_venta		true	./api/contrib/genXML/module.php
genXML	gen_xml_fec	condicion_venta_otros		false	./api/contrib/genXML/module.php
genXML	gen_xml_fec	consecutivo		true	./api/contrib/genXML/module.php
genXML	gen_xml_fec	detalles		true	./api/contrib/genXML/module.php
genXML	gen_xml_fec	emisor_barrio		false	./api/contrib/genXML/module.php
genXML	gen_xml_fec	emisor_canton		true	./api/contrib/genXML/module.php
genXML	gen_xml_fec	emisor_cod_pais_tel		false	./api/contrib/genXML/module.php
genXML	gen_xml_fec	emisor_distrito		true	./api/contrib/genXML/module.php
genXML	gen_xml_fec	emisor_email		true	./api/contrib/genXML/module.php
genXML	gen_xml_fec	emisor_nombre		true	./api/contrib/genXML/module.php
genXML	gen_xml_fec	emisor_nombre_comercial		false	./api/contrib/genXML/module.php
genXML	gen_xml_fec	emisor_num_identif		true	./api/contrib/genXML/module.php
genXML	gen_xml_fec	emisor_otras_senas		true	./api/contrib/genXML/module.php
genXML	gen_xml_fec	emisor_otras_senas_extranjero		false	./api/contrib/genXML/module.php
genXML	gen_xml_fec	emisor_provincia		true	./api/contrib/genXML/module.php
genXML	gen_xml_fec	emisor_tel		false	./api/contrib/genXML/module.php
genXML	gen_xml_fec	emisor_tipo_identif		true	./api/contrib/genXML/module.php
genXML	gen_xml_fec	fecha_emision		true	./api/contrib/genXML/module.php
genXML	gen_xml_fec	informacion_referencia		true	./api/contrib/genXML/module.php
genXML	gen_xml_fec	medios_pago		true	./api/contrib/genXML/module.php
genXML	gen_xml_fec	otros		false	./api/contrib/genXML/module.php
genXML	gen_xml_fec	otrosCargos		false	./api/contrib/genXML/module.php
genXML	gen_xml_fec	otrosType		false	./api/contrib/genXML/module.php
genXML	gen_xml_fec	plazo_credito	0	false	./api/contrib/genXML/module.php
genXML	gen_xml_fec	proveedor_sistemas		true	./api/contrib/genXML/module.php
genXML	gen_xml_fec	receptor_barrio		false	./api/contrib/genXML/module.php
genXML	gen_xml_fec	receptor_canton		false	./api/contrib/genXML/module.php
genXML	gen_xml_fec	receptor_cod_pais_tel		false	./api/contrib/genXML/module.php
genXML	gen_xml_fec	receptor_distrito		false	./api/contrib/genXML/module.php
genXML	gen_xml_fec	receptor_email		false	./api/contrib/genXML/module.php
genXML	gen_xml_fec	receptor_nombre		true	./api/contrib/genXML/module.php
genXML	gen_xml_fec	receptor_nombre_comercial		false	./api/contrib/genXML/module.php
genXML	gen_xml_fec	receptor_num_identif		true	./api/contrib/genXML/module.php
genXML	gen_xml_fec	receptor_otras_senas		false	./api/contrib/genXML/module.php
genXML	gen_xml_fec	receptor_provincia		false	./api/contrib/genXML/module.php
genXML	gen_xml_fec	receptor_tel		false	./api/contrib/genXML/module.php
genXML	gen_xml_fec	receptor_tipo_identif		true	./api/contrib/genXML/module.php
genXML	gen_xml_fec	registrofiscal8707		false	./api/contrib/genXML/module.php
genXML	gen_xml_fec	tipo_cambio		true	./api/contrib/genXML/module.php
genXML	gen_xml_fec	totalDesgloseImpuesto		false	./api/contrib/genXML/module.php
genXML	gen_xml_fec	totalOtrosCargos		false	./api/contrib/genXML/module.php
genXML	gen_xml_fec	total_comprobante		true	./api/contrib/genXML/module.php
genXML	gen_xml_fec	total_descuentos		false	./api/contrib/genXML/module.php
genXML	gen_xml_fec	total_exento		false	./api/contrib/genXML/module.php
genXML	gen_xml_fec	total_exonerado		false	./api/contrib/genXML/module.php
genXML	gen_xml_fec	total_gravados		false	./api/contrib/genXML/module.php
genXML	gen_xml_fec	total_impuestos		false	./api/contrib/genXML/module.php
genXML	gen_xml_fec	total_impuestos_asumidos_fabrica		false	./api/contrib/genXML/module.php
genXML	gen_xml_fec	total_merc_exenta		false	./api/contrib/genXML/module.php
genXML	gen_xml_fec	total_merc_exonerada		false	./api/contrib/genXML/module.php
genXML	gen_xml_fec	total_merc_gravada		false	./api/contrib/genXML/module.php
genXML	gen_xml_fec	total_merc_no_sujeta		false	./api/contrib/genXML/module.php
genXML	gen_xml_fec	total_no_sujeto		false	./api/contrib/genXML/module.php
genXML	gen_xml_fec	total_serv_exentos		false	./api/contrib/genXML/module.php
genXML	gen_xml_fec	total_serv_exonerados		false	./api/contrib/genXML/module.php
genXML	gen_xml_fec	total_serv_gravados		false	./api/contrib/genXML/module.php
genXML	gen_xml_fec	total_serv_no_sujeto		false	./api/contrib/genXML/module.php
genXML	gen_xml_fec	total_ventas		true	./api/contrib/genXML/module.php
genXML	gen_xml_fec	total_ventas_neta		true	./api/contrib/genXML/module.php
genXML	gen_xml_fee	clave		true	./api/contrib/genXML/module.php
genXML	gen_xml_fee	cod_moneda		true	./api/contrib/genXML/module.php
genXML	gen_xml_fee	codigo_actividad_emisor		true	./api/contrib/genXML/module.php
genXML	gen_xml_fee	condicion_venta		true	./api/contrib/genXML/module.php
genXML	gen_xml_fee	condicion_venta_otros		false	./api/contrib/genXML/module.php
genXML	gen_xml_fee	consecutivo		true	./api/contrib/genXML/module.php
genXML	gen_xml_fee	detalles		true	./api/contrib/genXML/module.php
genXML	gen_xml_fee	emisor_barrio		false	./api/contrib/genXML/module.php
genXML	gen_xml_fee	emisor_canton		true	./api/contrib/genXML/module.php
genXML	gen_xml_fee	emisor_cod_pais_tel		false	./api/contrib/genXML/module.php
genXML	gen_xml_fee	emisor_distrito		true	./api/contrib/genXML/module.php
genXML	gen_xml_fee	emisor_email		true	./api/contrib/genXML/module.php
genXML	gen_xml_fee	emisor_nombre		true	./api/contrib/genXML/module.php
genXML	gen_xml_fee	emisor_nombre_comercial		false	./api/contrib/genXML/module.php
genXML	gen_xml_fee	emisor_num_identif		true	./api/contrib/genXML/module.php
genXML	gen_xml_fee	emisor_otras_senas		true	./api/contrib/genXML/module.php
genXML	gen_xml_fee	emisor_provincia		true	./api/contrib/genXML/module.php
genXML	gen_xml_fee	emisor_tel		false	./api/contrib/genXML/module.php
genXML	gen_xml_fee	emisor_tipo_identif		true	./api/contrib/genXML/module.php
genXML	gen_xml_fee	fecha_emision		true	./api/contrib/genXML/module.php
genXML	gen_xml_fee	informacion_referencia		false	./api/contrib/genXML/module.php
genXML	gen_xml_fee	medios_pago		false	./api/contrib/genXML/module.php
genXML	gen_xml_fee	otros		false	./api/contrib/genXML/module.php
genXML	gen_xml_fee	otrosCargos		false	./api/contrib/genXML/module.php
genXML	gen_xml_fee	plazo_credito		false	./api/contrib/genXML/module.php
genXML	gen_xml_fee	proveedor_sistemas		true	./api/contrib/genXML/module.php
genXML	gen_xml_fee	receptor_cod_pais_tel		false	./api/contrib/genXML/module.php
genXML	gen_xml_fee	receptor_email		false	./api/contrib/genXML/module.php
genXML	gen_xml_fee	receptor_nombre		false	./api/contrib/genXML/module.php
genXML	gen_xml_fee	receptor_nombre_comercial		false	./api/contrib/genXML/module.php
genXML	gen_xml_fee	receptor_num_identif		true	./api/contrib/genXML/module.php
genXML	gen_xml_fee	receptor_otras_senas_extranjero		false	./api/contrib/genXML/module.php
genXML	gen_xml_fee	receptor_tel		false	./api/contrib/genXML/module.php
genXML	gen_xml_fee	receptor_tipo_identif		true	./api/contrib/genXML/module.php
genXML	gen_xml_fee	registrofiscal8707		false	./api/contrib/genXML/module.php
genXML	gen_xml_fee	tipo_cambio		true	./api/contrib/genXML/module.php
genXML	gen_xml_fee	totalDesgloseImpuesto		false	./api/contrib/genXML/module.php
genXML	gen_xml_fee	totalOtrosCargos		false	./api/contrib/genXML/module.php
genXML	gen_xml_fee	total_comprobante		true	./api/contrib/genXML/module.php
genXML	gen_xml_fee	total_descuentos		false	./api/contrib/genXML/module.php
genXML	gen_xml_fee	total_exento		false	./api/contrib/genXML/module.php
genXML	gen_xml_fee	total_gravados		false	./api/contrib/genXML/module.php
genXML	gen_xml_fee	total_impuestos		false	./api/contrib/genXML/module.php
genXML	gen_xml_fee	total_impuestos_asumidos_fabrica		false	./api/contrib/genXML/module.php
genXML	gen_xml_fee	total_merc_exenta		false	./api/contrib/genXML/module.php
genXML	gen_xml_fee	total_merc_gravada		false	./api/contrib/genXML/module.php
genXML	gen_xml_fee	total_serv_exentos		false	./api/contrib/genXML/module.php
genXML	gen_xml_fee	total_serv_gravados		false	./api/contrib/genXML/module.php
genXML	gen_xml_fee	total_ventas		true	./api/contrib/genXML/module.php
genXML	gen_xml_fee	total_ventas_neta		true	./api/contrib/genXML/module.php
genXML	gen_xml_mr	clave		true	./api/contrib/genXML/module.php
genXML	gen_xml_mr	codigo_actividad		true	./api/contrib/genXML/module.php
genXML	gen_xml_mr	detalle_mensaje		false	./api/contrib/genXML/module.php
genXML	gen_xml_mr	fecha_emision_doc		true	./api/contrib/genXML/module.php
genXML	gen_xml_mr	mensaje		true	./api/contrib/genXML/module.php
genXML	gen_xml_mr	monto_total_impuesto		false	./api/contrib/genXML/module.php
genXML	gen_xml_mr	numero_cedula_emisor		true	./api/contrib/genXML/module.php
genXML	gen_xml_mr	numero_cedula_receptor		true	./api/contrib/genXML/module.php
genXML	gen_xml_mr	numero_consecutivo_receptor		true	./api/contrib/genXML/module.php
genXML	gen_xml_mr	total_factura		true	./api/contrib/genXML/module.php
genXML	gen_xml_nc	clave		true	./api/contrib/genXML/module.php
genXML	gen_xml_nc	cod_moneda		true	./api/contrib/genXML/module.php
genXML	gen_xml_nc	codigo_actividad_emisor		true	./api/contrib/genXML/module.php
genXML	gen_xml_nc	codigo_actividad_receptor		false	./api/contrib/genXML/module.php
genXML	gen_xml_nc	condicion_venta		true	./api/contrib/genXML/module.php
genXML	gen_xml_nc	condicion_venta_otros		false	./api/contrib/genXML/module.php
genXML	gen_xml_nc	consecutivo		true	./api/contrib/genXML/module.php
genXML	gen_xml_nc	detalles		true	./api/contrib/genXML/module.php
genXML	gen_xml_nc	emisor_barrio		false	./api/contrib/genXML/module.php
genXML	gen_xml_nc	emisor_canton		true	./api/contrib/genXML/module.php
genXML	gen_xml_nc	emisor_cod_pais_tel		false	./api/contrib/genXML/module.php
genXML	gen_xml_nc	emisor_distrito		true	./api/contrib/genXML/module.php
genXML	gen_xml_nc	emisor_email		true	./api/contrib/genXML/module.php
genXML	gen_xml_nc	emisor_nombre		true	./api/contrib/genXML/module.php
genXML	gen_xml_nc	emisor_nombre_comercial		false	./api/contrib/genXML/module.php
genXML	gen_xml_nc	emisor_num_identif		true	./api/contrib/genXML/module.php
genXML	gen_xml_nc	emisor_otras_senas		true	./api/contrib/genXML/module.php
genXML	gen_xml_nc	emisor_provincia		true	./api/contrib/genXML/module.php
genXML	gen_xml_nc	emisor_tel		false	./api/contrib/genXML/module.php
genXML	gen_xml_nc	emisor_tipo_identif		true	./api/contrib/genXML/module.php
genXML	gen_xml_nc	fecha_emision		true	./api/contrib/genXML/module.php
genXML	gen_xml_nc	informacion_referencia		true	./api/contrib/genXML/module.php
genXML	gen_xml_nc	medios_pago		true	./api/contrib/genXML/module.php
genXML	gen_xml_nc	omitir_receptor	false	false	./api/contrib/genXML/module.php
genXML	gen_xml_nc	otros		false	./api/contrib/genXML/module.php
genXML	gen_xml_nc	otrosCargos		false	./api/contrib/genXML/module.php
genXML	gen_xml_nc	otrosType		false	./api/contrib/genXML/module.php
genXML	gen_xml_nc	plazo_credito	0	false	./api/contrib/genXML/module.php
genXML	gen_xml_nc	proveedor_sistemas		true	./api/contrib/genXML/module.php
genXML	gen_xml_nc	receptor_barrio		false	./api/contrib/genXML/module.php
genXML	gen_xml_nc	receptor_canton		false	./api/contrib/genXML/module.php
genXML	gen_xml_nc	receptor_cod_pais_tel		false	./api/contrib/genXML/module.php
genXML	gen_xml_nc	receptor_distrito		false	./api/contrib/genXML/module.php
genXML	gen_xml_nc	receptor_email		false	./api/contrib/genXML/module.php
genXML	gen_xml_nc	receptor_nombre		false	./api/contrib/genXML/module.php
genXML	gen_xml_nc	receptor_nombre_comercial		false	./api/contrib/genXML/module.php
genXML	gen_xml_nc	receptor_num_identif		false	./api/contrib/genXML/module.php
genXML	gen_xml_nc	receptor_otras_senas		false	./api/contrib/genXML/module.php
genXML	gen_xml_nc	receptor_otras_senas_extranjero		false	./api/contrib/genXML/module.php
genXML	gen_xml_nc	receptor_provincia		false	./api/contrib/genXML/module.php
genXML	gen_xml_nc	receptor_tel		false	./api/contrib/genXML/module.php
genXML	gen_xml_nc	receptor_tipo_identif		false	./api/contrib/genXML/module.php
genXML	gen_xml_nc	registrofiscal8707		false	./api/contrib/genXML/module.php
genXML	gen_xml_nc	tipo_cambio		true	./api/contrib/genXML/module.php
genXML	gen_xml_nc	totalDesgloseImpuesto		false	./api/contrib/genXML/module.php
genXML	gen_xml_nc	totalIVADevuelto	0	false	./api/contrib/genXML/module.php
genXML	gen_xml_nc	totalOtrosCargos		false	./api/contrib/genXML/module.php
genXML	gen_xml_nc	total_comprobante		true	./api/contrib/genXML/module.php
genXML	gen_xml_nc	total_descuentos		false	./api/contrib/genXML/module.php
genXML	gen_xml_nc	total_exento		false	./api/contrib/genXML/module.php
genXML	gen_xml_nc	total_exonerado		false	./api/contrib/genXML/module.php
genXML	gen_xml_nc	total_gravados		false	./api/contrib/genXML/module.php
genXML	gen_xml_nc	total_impuestos		false	./api/contrib/genXML/module.php
genXML	gen_xml_nc	total_impuestos_asumidos_fabrica		false	./api/contrib/genXML/module.php
genXML	gen_xml_nc	total_merc_exenta		false	./api/contrib/genXML/module.php
genXML	gen_xml_nc	total_merc_exonerada		false	./api/contrib/genXML/module.php
genXML	gen_xml_nc	total_merc_gravada		false	./api/contrib/genXML/module.php
genXML	gen_xml_nc	total_merc_no_sujeta		false	./api/contrib/genXML/module.php
genXML	gen_xml_nc	total_no_sujeto		false	./api/contrib/genXML/module.php
genXML	gen_xml_nc	total_serv_exentos		false	./api/contrib/genXML/module.php
genXML	gen_xml_nc	total_serv_exonerados		false	./api/contrib/genXML/module.php
genXML	gen_xml_nc	total_serv_gravados		false	./api/contrib/genXML/module.php
genXML	gen_xml_nc	total_serv_no_sujeto		false	./api/contrib/genXML/module.php
genXML	gen_xml_nc	total_ventas		true	./api/contrib/genXML/module.php
genXML	gen_xml_nc	total_ventas_neta		true	./api/contrib/genXML/module.php
genXML	gen_xml_nd	clave		true	./api/contrib/genXML/module.php
genXML	gen_xml_nd	cod_moneda		true	./api/contrib/genXML/module.php
genXML	gen_xml_nd	codigo_actividad_emisor		true	./api/contrib/genXML/module.php
genXML	gen_xml_nd	codigo_actividad_receptor		false	./api/contrib/genXML/module.php
genXML	gen_xml_nd	condicion_venta		true	./api/contrib/genXML/module.php
genXML	gen_xml_nd	condicion_venta_otros		false	./api/contrib/genXML/module.php
genXML	gen_xml_nd	consecutivo		true	./api/contrib/genXML/module.php
genXML	gen_xml_nd	detalles		true	./api/contrib/genXML/module.php
genXML	gen_xml_nd	emisor_barrio		false	./api/contrib/genXML/module.php
genXML	gen_xml_nd	emisor_canton		true	./api/contrib/genXML/module.php
genXML	gen_xml_nd	emisor_cod_pais_tel		false	./api/contrib/genXML/module.php
genXML	gen_xml_nd	emisor_distrito		true	./api/contrib/genXML/module.php
genXML	gen_xml_nd	emisor_email		true	./api/contrib/genXML/module.php
genXML	gen_xml_nd	emisor_nombre		true	./api/contrib/genXML/module.php
genXML	gen_xml_nd	emisor_nombre_comercial		false	./api/contrib/genXML/module.php
genXML	gen_xml_nd	emisor_num_identif		true	./api/contrib/genXML/module.php
genXML	gen_xml_nd	emisor_otras_senas		true	./api/contrib/genXML/module.php
genXML	gen_xml_nd	emisor_provincia		true	./api/contrib/genXML/module.php
genXML	gen_xml_nd	emisor_tel		false	./api/contrib/genXML/module.php
genXML	gen_xml_nd	emisor_tipo_identif		true	./api/contrib/genXML/module.php
genXML	gen_xml_nd	fecha_emision		true	./api/contrib/genXML/module.php
genXML	gen_xml_nd	informacion_referencia		true	./api/contrib/genXML/module.php
genXML	gen_xml_nd	medios_pago		true	./api/contrib/genXML/module.php
genXML	gen_xml_nd	omitir_receptor	false	false	./api/contrib/genXML/module.php
genXML	gen_xml_nd	otros		false	./api/contrib/genXML/module.php
genXML	gen_xml_nd	otrosCargos		false	./api/contrib/genXML/module.php
genXML	gen_xml_nd	otrosType		false	./api/contrib/genXML/module.php
genXML	gen_xml_nd	plazo_credito	0	false	./api/contrib/genXML/module.php
genXML	gen_xml_nd	proveedor_sistemas		true	./api/contrib/genXML/module.php
genXML	gen_xml_nd	receptor_barrio		false	./api/contrib/genXML/module.php
genXML	gen_xml_nd	receptor_canton		false	./api/contrib/genXML/module.php
genXML	gen_xml_nd	receptor_cod_pais_tel		false	./api/contrib/genXML/module.php
genXML	gen_xml_nd	receptor_distrito		false	./api/contrib/genXML/module.php
genXML	gen_xml_nd	receptor_email		false	./api/contrib/genXML/module.php
genXML	gen_xml_nd	receptor_nombre		false	./api/contrib/genXML/module.php
genXML	gen_xml_nd	receptor_nombre_comercial		false	./api/contrib/genXML/module.php
genXML	gen_xml_nd	receptor_num_identif		false	./api/contrib/genXML/module.php
genXML	gen_xml_nd	receptor_otras_senas		false	./api/contrib/genXML/module.php
genXML	gen_xml_nd	receptor_otras_senas_extranjero		false	./api/contrib/genXML/module.php
genXML	gen_xml_nd	receptor_provincia		false	./api/contrib/genXML/module.php
genXML	gen_xml_nd	receptor_tel		false	./api/contrib/genXML/module.php
genXML	gen_xml_nd	receptor_tipo_identif		false	./api/contrib/genXML/module.php
genXML	gen_xml_nd	registrofiscal8707		false	./api/contrib/genXML/module.php
genXML	gen_xml_nd	tipo_cambio		true	./api/contrib/genXML/module.php
genXML	gen_xml_nd	totalDesgloseImpuesto		false	./api/contrib/genXML/module.php
genXML	gen_xml_nd	totalIVADevuelto	0	false	./api/contrib/genXML/module.php
genXML	gen_xml_nd	totalOtrosCargos		false	./api/contrib/genXML/module.php
genXML	gen_xml_nd	total_comprobante		true	./api/contrib/genXML/module.php
genXML	gen_xml_nd	total_descuentos		false	./api/contrib/genXML/module.php
genXML	gen_xml_nd	total_exento		false	./api/contrib/genXML/module.php
genXML	gen_xml_nd	total_exonerado		false	./api/contrib/genXML/module.php
genXML	gen_xml_nd	total_gravados		false	./api/contrib/genXML/module.php
genXML	gen_xml_nd	total_impuestos		false	./api/contrib/genXML/module.php
genXML	gen_xml_nd	total_impuestos_asumidos_fabrica		false	./api/contrib/genXML/module.php
genXML	gen_xml_nd	total_merc_exenta		false	./api/contrib/genXML/module.php
genXML	gen_xml_nd	total_merc_exonerada		false	./api/contrib/genXML/module.php
genXML	gen_xml_nd	total_merc_gravada		false	./api/contrib/genXML/module.php
genXML	gen_xml_nd	total_merc_no_sujeta		false	./api/contrib/genXML/module.php
genXML	gen_xml_nd	total_no_sujeto		false	./api/contrib/genXML/module.php
genXML	gen_xml_nd	total_serv_exentos		false	./api/contrib/genXML/module.php
genXML	gen_xml_nd	total_serv_exonerados		false	./api/contrib/genXML/module.php
genXML	gen_xml_nd	total_serv_gravados		false	./api/contrib/genXML/module.php
genXML	gen_xml_nd	total_serv_no_sujeto		false	./api/contrib/genXML/module.php
genXML	gen_xml_nd	total_ventas		true	./api/contrib/genXML/module.php
genXML	gen_xml_nd	total_ventas_neta		true	./api/contrib/genXML/module.php
genXML	gen_xml_te	clave		true	./api/contrib/genXML/module.php
genXML	gen_xml_te	cod_moneda		true	./api/contrib/genXML/module.php
genXML	gen_xml_te	codigo_actividad_emisor		true	./api/contrib/genXML/module.php
genXML	gen_xml_te	condicion_venta		true	./api/contrib/genXML/module.php
genXML	gen_xml_te	condicion_venta_otros		false	./api/contrib/genXML/module.php
genXML	gen_xml_te	consecutivo		true	./api/contrib/genXML/module.php
genXML	gen_xml_te	detalles		true	./api/contrib/genXML/module.php
genXML	gen_xml_te	emisor_barrio		false	./api/contrib/genXML/module.php
genXML	gen_xml_te	emisor_canton		true	./api/contrib/genXML/module.php
genXML	gen_xml_te	emisor_cod_pais_tel		false	./api/contrib/genXML/module.php
genXML	gen_xml_te	emisor_distrito		true	./api/contrib/genXML/module.php
genXML	gen_xml_te	emisor_email		true	./api/contrib/genXML/module.php
genXML	gen_xml_te	emisor_nombre		true	./api/contrib/genXML/module.php
genXML	gen_xml_te	emisor_nombre_comercial		false	./api/contrib/genXML/module.php
genXML	gen_xml_te	emisor_num_identif		true	./api/contrib/genXML/module.php
genXML	gen_xml_te	emisor_otras_senas		true	./api/contrib/genXML/module.php
genXML	gen_xml_te	emisor_provincia		true	./api/contrib/genXML/module.php
genXML	gen_xml_te	emisor_tel		false	./api/contrib/genXML/module.php
genXML	gen_xml_te	emisor_tipo_identif		true	./api/contrib/genXML/module.php
genXML	gen_xml_te	fecha_emision		true	./api/contrib/genXML/module.php
genXML	gen_xml_te	informacion_referencia		false	./api/contrib/genXML/module.php
genXML	gen_xml_te	medios_pago		true	./api/contrib/genXML/module.php
genXML	gen_xml_te	omitir_receptor	false	false	./api/contrib/genXML/module.php
genXML	gen_xml_te	otros		false	./api/contrib/genXML/module.php
genXML	gen_xml_te	otrosCargos		false	./api/contrib/genXML/module.php
genXML	gen_xml_te	otrosType		false	./api/contrib/genXML/module.php
genXML	gen_xml_te	plazo_credito	0	false	./api/contrib/genXML/module.php
genXML	gen_xml_te	proveedor_sistemas		true	./api/contrib/genXML/module.php
genXML	gen_xml_te	receptor_barrio		false	./api/contrib/genXML/module.php
genXML	gen_xml_te	receptor_canton		false	./api/contrib/genXML/module.php
genXML	gen_xml_te	receptor_cod_pais_tel		false	./api/contrib/genXML/module.php
genXML	gen_xml_te	receptor_distrito		false	./api/contrib/genXML/module.php
genXML	gen_xml_te	receptor_email		false	./api/contrib/genXML/module.php
genXML	gen_xml_te	receptor_nombre		false	./api/contrib/genXML/module.php
genXML	gen_xml_te	receptor_nombre_comercial		false	./api/contrib/genXML/module.php
genXML	gen_xml_te	receptor_num_identif		false	./api/contrib/genXML/module.php
genXML	gen_xml_te	receptor_otras_senas		false	./api/contrib/genXML/module.php
genXML	gen_xml_te	receptor_otras_senas_extranjero		false	./api/contrib/genXML/module.php
genXML	gen_xml_te	receptor_provincia		false	./api/contrib/genXML/module.php
genXML	gen_xml_te	receptor_tel		false	./api/contrib/genXML/module.php
genXML	gen_xml_te	receptor_tipo_identif		false	./api/contrib/genXML/module.php
genXML	gen_xml_te	registrofiscal8707		false	./api/contrib/genXML/module.php
genXML	gen_xml_te	tipo_cambio		true	./api/contrib/genXML/module.php
genXML	gen_xml_te	totalDesgloseImpuesto		false	./api/contrib/genXML/module.php
genXML	gen_xml_te	totalIVADevuelto	0	false	./api/contrib/genXML/module.php
genXML	gen_xml_te	totalOtrosCargos		false	./api/contrib/genXML/module.php
genXML	gen_xml_te	total_comprobante		true	./api/contrib/genXML/module.php
genXML	gen_xml_te	total_descuentos		false	./api/contrib/genXML/module.php
genXML	gen_xml_te	total_exento		false	./api/contrib/genXML/module.php
genXML	gen_xml_te	total_exonerado		false	./api/contrib/genXML/module.php
genXML	gen_xml_te	total_gravados		false	./api/contrib/genXML/module.php
genXML	gen_xml_te	total_impuestos		false	./api/contrib/genXML/module.php
genXML	gen_xml_te	total_impuestos_asumidos_fabrica		false	./api/contrib/genXML/module.php
genXML	gen_xml_te	total_merc_exenta		false	./api/contrib/genXML/module.php
genXML	gen_xml_te	total_merc_exonerada		false	./api/contrib/genXML/module.php
genXML	gen_xml_te	total_merc_gravada		false	./api/contrib/genXML/module.php
genXML	gen_xml_te	total_merc_no_sujeta		false	./api/contrib/genXML/module.php
genXML	gen_xml_te	total_no_sujeto		false	./api/contrib/genXML/module.php
genXML	gen_xml_te	total_serv_exentos		false	./api/contrib/genXML/module.php
genXML	gen_xml_te	total_serv_exonerados		false	./api/contrib/genXML/module.php
genXML	gen_xml_te	total_serv_gravados		false	./api/contrib/genXML/module.php
genXML	gen_xml_te	total_serv_no_sujeto		false	./api/contrib/genXML/module.php
genXML	gen_xml_te	total_ventas		true	./api/contrib/genXML/module.php
genXML	gen_xml_te	total_ventas_neta		true	./api/contrib/genXML/module.php
makeJson	makeJson	clave		true	./api/contrib/makeJson/module.php
makeJson	makeJson	comprobanteXml		true	./api/contrib/makeJson/module.php
makeJson	makeJson	emi_numeroIdentificacion		false	./api/contrib/makeJson/module.php
makeJson	makeJson	emi_tipoIdentificacion		true	./api/contrib/makeJson/module.php
makeJson	makeJson	fecha		true	./api/contrib/makeJson/module.php
makeJson	makeJson	recp_numeroIdentificacion		true	./api/contrib/makeJson/module.php
makeJson	makeJson	recp_tipoIdentificacion		true	./api/contrib/makeJson/module.php
makeQR	makeQR	string		true	./api/contrib/makeQR/module.php
send	json	callbackUrl		false	./api/contrib/send/module.php
send	json	clave		true	./api/contrib/send/module.php
send	json	client_id		true	./api/contrib/send/module.php
send	json	comprobanteXml		true	./api/contrib/send/module.php
send	json	emi_numeroIdentificacion		true	./api/contrib/send/module.php
send	json	emi_tipoIdentificacion		true	./api/contrib/send/module.php
send	json	fecha		true	./api/contrib/send/module.php
send	json	recp_numeroIdentificacion		false	./api/contrib/send/module.php
send	json	recp_tipoIdentificacion		false	./api/contrib/send/module.php
send	json	token		true	./api/contrib/send/module.php
send	sendMensaje	callbackUrl		false	./api/contrib/send/module.php
send	sendMensaje	clave		true	./api/contrib/send/module.php
send	sendMensaje	client_id		true	./api/contrib/send/module.php
send	sendMensaje	comprobanteXml		true	./api/contrib/send/module.php
send	sendMensaje	consecutivoReceptor		true	./api/contrib/send/module.php
send	sendMensaje	emi_numeroIdentificacion		true	./api/contrib/send/module.php
send	sendMensaje	emi_tipoIdentificacion		true	./api/contrib/send/module.php
send	sendMensaje	fecha		true	./api/contrib/send/module.php
send	sendMensaje	recp_numeroIdentificacion		true	./api/contrib/send/module.php
send	sendMensaje	recp_tipoIdentificacion		true	./api/contrib/send/module.php
send	sendMensaje	token		true	./api/contrib/send/module.php
send	sendTE	callbackUrl		false	./api/contrib/send/module.php
send	sendTE	clave		true	./api/contrib/send/module.php
send	sendTE	client_id		true	./api/contrib/send/module.php
send	sendTE	comprobanteXml		true	./api/contrib/send/module.php
send	sendTE	emi_numeroIdentificacion		true	./api/contrib/send/module.php
send	sendTE	emi_tipoIdentificacion		true	./api/contrib/send/module.php
send	sendTE	fecha		true	./api/contrib/send/module.php
send	sendTE	token		true	./api/contrib/send/module.php
sendMail	sendmail	clave		true	./api/contrib/sendMail/module.php
sendMail	sendmail	facturaPDF		true	./api/contrib/sendMail/module.php
sendMail	sendmail	xmlEnvia		true	./api/contrib/sendMail/module.php
sendMail	sendmail	xmlHacienda		true	./api/contrib/sendMail/module.php
signXML	signFE	inXml		true	./api/contrib/signXML/module.php
signXML	signFE	p12Url		true	./api/contrib/signXML/module.php
signXML	signFE	pinP12		true	./api/contrib/signXML/module.php
token	gettoken	client_id		true	./api/contrib/token/module.php
token	gettoken	client_secret		false	./api/contrib/token/module.php
token	gettoken	grant_type		true	./api/contrib/token/module.php
token	gettoken	password		true	./api/contrib/token/module.php
token	gettoken	username		true	./api/contrib/token/module.php
token	refresh	client_id		true	./api/contrib/token/module.php
token	refresh	client_secret		false	./api/contrib/token/module.php
token	refresh	grant_type		true	./api/contrib/token/module.php
token	refresh	refresh_token		true	./api/contrib/token/module.php
users	login_auto	idUser	0	true	./api/modules/users/module.php
users	login_auto	token	ThisIsNotASecretToken	true	./api/modules/users/module.php
users	users_avatar_get	size	25	false	./api/modules/users/module.php
users	users_avatar_get	userName		true	./api/modules/users/module.php
users	users_get_list	like		false	./api/modules/users/module.php
users	users_log_me_in	pwd		true	./api/modules/users/module.php
users	users_recover_pwd	userName		true	./api/modules/users/module.php
users	users_register	about		true	./api/modules/users/module.php
users	users_register	country		true	./api/modules/users/module.php
users	users_register	email		true	./api/modules/users/module.php
users	users_register	fullName		true	./api/modules/users/module.php
users	users_register	pwd		true	./api/modules/users/module.php
users	users_register	userName		true	./api/modules/users/module.php
wirez	conversations_get_details	idConversation	0	false	./api/modules/wirez/module.php
wirez	messages_get_in_conversation	idConversation	0	false	./api/modules/wirez/module.php
wirez	messages_get_in_conversation	lastMsgId	0	false	./api/modules/wirez/module.php
wirez	messages_get_in_conversation	textLike		false	./api/modules/wirez/module.php
wirez	messages_get_in_conversation	withWire		true	./api/modules/wirez/module.php
wirez	messages_get_recent	lastMessageId	0	false	./api/modules/wirez/module.php
wirez	messages_send	from		true	./api/modules/wirez/module.php
wirez	messages_send	idConversation		true	./api/modules/wirez/module.php
wirez	messages_send	subject		false	./api/modules/wirez/module.php
wirez	messages_send	text		true	./api/modules/wirez/module.php
wirez	messages_send	to		true	./api/modules/wirez/module.php
