<?xml version="1.0" encoding="utf-8"?>
<FacturaElectronica xmlns:xsd="http://www.w3.org/2001/XMLSchema" xmlns:xsi="http://www.w3.org/2001/XMLSchema-instance" xmlns="https://tribunet.hacienda.go.cr/docs/esquemas/2017/v4.2/facturaElectronica">
    <Clave>50608041800070232071700100001010010039999183169900</Clave>
    <NumeroConsecutivo>00100001010010039999</NumeroConsecutivo>
    <FechaEmision>2018-04-08T14:00:42-06:00</FechaEmision>
    <Emisor>
        <Nombre>Walner Borbon</Nombre>
        <Identificacion>
            <Tipo>01</Tipo>
            <Numero>702320717</Numero>
        </Identificacion>
        <NombreComercial>Walner Borbon</NombreComercial>
        <Ubicacion>
            <Provincia>6</Provincia>
            <Canton>02</Canton>
            <Distrito>03</Distrito>
            <Barrio>01</Barrio>
            <OtrasSenas>Frente escuela</OtrasSenas>
        </Ubicacion>
        <Telefono>
            <CodigoPais>506</CodigoPais>
            <NumTelefono>83168485</NumTelefono>
        </Telefono>
        <CorreoElectronico>b_valerin@hotmail.com</CorreoElectronico>
    </Emisor>
    <Receptor>
        <Nombre>Laboratory CLIENTE</Nombre>
        <Identificacion>
            <Tipo>02</Tipo>
            <Numero>3001123208</Numero>
        </Identificacion>
        <NombreComercial/>
        <Ubicacion>
            <Provincia>1</Provincia>
            <Canton>01</Canton>
            <Distrito>01</Distrito>
            <Barrio>01</Barrio>
            <OtrasSenas/>
        </Ubicacion>
        <Telefono>
            <CodigoPais>506</CodigoPais>
            <NumTelefono>83439500</NumTelefono>
        </Telefono>
        <CorreoElectronico>rt@prueba.com</CorreoElectronico>
    </Receptor>
    <CondicionVenta>02</CondicionVenta>
    <PlazoCredito>15</PlazoCredito>
    <MedioPago>04</MedioPago>
    <DetalleServicio>
        <LineaDetalle>
            <NumeroLinea>1</NumeroLinea>
            <Codigo>
                <Tipo>04</Tipo>
                <Codigo>3</Codigo>
            </Codigo>
            <Cantidad>1.000</Cantidad>
            <UnidadMedida>Unid</UnidadMedida>
            <UnidadMedidaComercial/>
            <Detalle>Diseño Estructural</Detalle>
            <PrecioUnitario>1175.00000</PrecioUnitario>
            <MontoTotal>1175.00000</MontoTotal>
            <NaturalezaDescuento/>
            <SubTotal>1175.00000</SubTotal>
            <MontoTotalLinea>1175.00000</MontoTotalLinea>
        </LineaDetalle>
    </DetalleServicio>
    <ResumenFactura>
        <CodigoMoneda>USD</CodigoMoneda>
        <TipoCambio>576.74000</TipoCambio>
        <TotalServGravados>0.00000</TotalServGravados>
        <TotalServExentos>1175.00000</TotalServExentos>
        <TotalMercanciasGravadas>0.00000</TotalMercanciasGravadas>
        <TotalMercanciasExentas>0.00000</TotalMercanciasExentas>
        <TotalGravado>0.00000</TotalGravado>
        <TotalExento>1175.00000</TotalExento>
        <TotalVenta>1175.00000</TotalVenta>
        <TotalDescuentos>0.00000</TotalDescuentos>
        <TotalVentaNeta>1175.00000</TotalVentaNeta>
        <TotalImpuesto>0.00000</TotalImpuesto>
        <TotalComprobante>1175.00000</TotalComprobante>
    </ResumenFactura>
    <Normativa>
        <NumeroResolucion>DGT-R-48-2016</NumeroResolucion>
        <FechaResolucion>20-02-2017 13:22:22</FechaResolucion>
    </Normativa>
    <Otros>
        <OtroTexto codigo="obs">BNCR $ 200-</OtroTexto>
    </Otros>
</FacturaElectronica>
